frame,x,y,z,roll,pitch,yaw
0,0.0,0.0,0.0,0.0,-0.0,0.0
1,0.0029714924316110547,0.0030056683307728474,0.6848458152686042,-0.0003951203195378255,0.0017885560266413761,0.0005098171546701844
2,0.0005507706205262371,0.005621857747358303,1.3747733416512236,-0.0006489476233687168,0.003976680986583005,0.0012536177570462478
3,0.0007488422146949816,0.00933324766443524,2.0638165296648374,-0.001132927346789503,0.005852809534670269,0.001833495144120747
4,-0.0009680326256683613,0.013402788895561884,2.7540422378494696,-0.0017090065614530036,0.007279511902270786,0.0024923916746590045
5,0.0012916538163526856,0.016171570364336703,3.445861166811441,-0.0015906132866569261,0.00809678047609293,0.0020118275595481447
6,-0.001886024409531841,0.02065101661505887,4.135435946013813,-0.0016673231362292161,0.008673950142759838,0.0019764088679642762
7,0.0024327982210646066,0.024441124907960084,4.827090818777387,-0.001358769026852818,0.008424508911878865,0.004010152622271042
8,0.01086720849934323,0.027968565735846773,5.522539603795709,-0.0020223803022304063,0.007381177365449969,0.005403770503993331
9,0.01577198233945179,0.03299165824928289,6.216678670023837,-0.002784583521954903,0.006138713478047126,0.004938167141127469
10,0.016370871764465382,0.03692953851620401,6.905074175719543,-0.0038615586811025955,0.004948023741349578,0.0039426202834502875
11,0.026541999222202795,0.040951424720720664,7.599776967063668,-0.004625614544642759,0.003346320973456141,0.0033550035213189802
12,0.030613880369463206,0.04561600053481961,8.285262276965748,-0.005260842384199401,0.001808752938605607,0.0033365242241939577
13,0.03751205332950156,0.05056278562585879,8.972324042062816,-0.0052682574256803115,0.00021977743213384536,0.003711563540071434
14,0.042069310368184,0.05710798108481018,9.652616887364028,-0.00561965529956545,-0.0013526691817672659,0.0024415464399380367
15,0.03666597714349019,0.06215596752939416,10.332238908151432,-0.005922481969420442,-0.0026935784521387954,0.0006390587634182897
16,0.038323625771501106,0.06644456305256351,11.01539697062397,-0.006188647972666149,-0.004339131461874271,-0.0008957681633543991
17,0.03744079685649283,0.06994884822247198,11.697481828623971,-0.0062914323641803625,-0.005888629075431181,-0.002255744891488129
18,0.03165352901791961,0.07414021388061029,12.37612995329489,-0.005195618278798597,-0.007351752827654939,-0.0024180120924561016
19,0.02308903637040701,0.07946392581699055,13.064873769262116,-0.0037897173279168523,-0.008462173361686318,-0.001544032048726606
20,0.015136111281170936,0.08421866182980338,13.751191205790093,-0.0024949783311420497,-0.009605981699553408,-0.0019225437584139068
21,0.009211238695895275,0.0902307085631891,14.437521013254239,-0.0022246416098941333,-0.010884530026909686,-0.002971402531510024
22,0.0010868041462569842,0.0947944662225146,15.124711536027988,-0.0022358607614829914,-0.012002428338415624,-0.0031499042474763816
23,-0.0016583411780133625,0.09946846703324247,15.813293927540869,-0.0034371962301779566,-0.013291039111520467,-0.0030491270072953015
24,-0.004056188859958567,0.10491039864972315,16.49919337290371,-0.004325160577069103,-0.014739357349259838,-0.0030126322034697284
25,-0.0127761649560601,0.10990486612841627,17.188852851857217,-0.00449595068975874,-0.0158500057663492,-0.003045672434661044
26,-0.021700832814893156,0.1151067182469462,17.87546924407373,-0.004248523559034686,-0.017190261217314325,-0.0042033252502626664
27,-0.031775926945836676,0.12209405945322835,18.564833303128406,-0.003425668438119236,-0.01852819632425946,-0.00397219646641599
28,-0.03697016724796518,0.12988970254249493,19.254771737890657,-0.0030588550982890454,-0.019945683538786063,-0.004583834126314949
29,-0.05251769730750187,0.13574167388411168,19.94029676020136,-0.003090805933156313,-0.020521016837971875,-0.005259531361073362
30,-0.0681339557480353,0.1412048894745032,20.621335490425466,-0.0029410779598048253,-0.020976391319682968,-0.005933496238132086
31,-0.07821130622035252,0.1450758792472977,21.29652581198929,-0.0028710578332109492,-0.021099278347906786,-0.005740791360715712
32,-0.08517433535352648,0.14935053697241638,21.96556843638229,-0.0029231103518121897,-0.02116815867467318,-0.005741287707552917
33,-0.09184866610236565,0.15359638170169015,22.630141449623256,-0.0023461171488310226,-0.020851502403058275,-0.005166277539113337
34,-0.10309023691802764,0.15852107539165478,23.311693876806622,-0.0020142723494918483,-0.019992062795748205,-0.0053039540951649155
35,-0.12036069581923377,0.1630477684563816,23.984766037747857,-0.0015916511783568232,-0.01882321460371006,-0.005549810982343654
36,-0.13846287328352178,0.1664693246883075,24.66003855871271,-0.0014382083615432834,-0.01755041314246213,-0.0051519188918513455
37,-0.15070915750068012,0.16840445615849575,25.322203683312587,-0.0015996152219683517,-0.016208796327988176,-0.00519339112459159
38,-0.15838917677767045,0.17060166755078376,25.97585415489681,-0.0019090901597413168,-0.014832770561900093,-0.004815368992496041
39,-0.16243371786428315,0.17289496815176253,26.62361880065962,-0.002519367310480306,-0.01349732451129998,-0.003768352185982154
40,-0.16734901761892923,0.17450810853495433,27.26793819716946,-0.003401064709355961,-0.01124352966604171,-0.003480354575718402
41,-0.17599759745683788,0.1785003267987713,27.914460131122336,-0.004253895490270928,-0.007499705469710668,-0.004689371861771347
42,-0.18580557153954955,0.1836685930358413,28.564778651779665,-0.00508302042388351,-0.002668651914774769,-0.005413696130376257
43,-0.1844361621167869,0.18638847442949008,29.205538168732552,-0.005867332239492772,0.0024389744751968914,-0.004428246630334514
44,-0.17817085885930042,0.19097199566576717,29.85229609939371,-0.006408582637841406,0.007095345694882461,-0.003911922207604752
45,-0.169745282641729,0.19326469231340712,30.49056196179022,-0.006407864979963841,0.011336038265329538,-0.003019775806614
46,-0.15335319912221507,0.1997403987850719,31.142919803784302,-0.005613334388394889,0.015443063342542288,-0.0022576766067928323
47,-0.14280114828620533,0.20594495986034708,31.79037351499344,-0.004360755632726506,0.01974955280889926,-0.0012685400995407874
48,-0.12489349704371293,0.21107345676891526,32.421362989980054,-0.0030254057401384775,0.02362783809230484,-0.0012650240896593958
49,-0.10100909286157361,0.2175492121691729,33.04921146870818,-0.002174868249390736,0.02782990204680476,-0.00033652092171633253
50,-0.08885717507369943,0.22250395433246026,33.68045559051729,-0.0016669567077473397,0.03198313210047302,-0.0009863713658118088
51,-0.061939217127600026,0.22513733868684388,34.29366429303194,-0.0011016652939159395,0.035713744317263776,-0.0003083150009941791
52,-0.03216904163235029,0.22657987664410376,34.91280281532014,-0.00034714657767815705,0.03947067668326118,0.0006249156772834985
53,-0.005443851446580238,0.22673890517910678,35.51063482988009,0.00022644241429110735,0.043841213924665334,0.0015570680604425474
54,0.021884079313135844,0.2296388240589109,36.105433900796555,0.0012628381228702021,0.04843639446878793,0.0022455418528476664
55,0.05333441177250539,0.23092501847433886,36.68431207498006,0.001741626961972153,0.05389978446125321,0.003453324712235781
56,0.0919890122644264,0.2305319880129993,37.25587354876946,0.0023031838842735995,0.059571928901999076,0.003410266687346175
57,0.1293690594774282,0.23568914192217455,37.838393700850816,0.0024647939767060566,0.06568314328724517,0.0034043647210381433
58,0.18071023024074553,0.23628677135549872,38.38179436057567,0.0026936858388201747,0.0715955676970564,0.003652998282452778
59,0.22593444305859914,0.23403277032665057,38.90029017346734,0.0029420118744728514,0.07822077696497966,0.004848024264488902
60,0.27843953606336497,0.23411057401212176,39.407399498914394,0.0029286748628471223,0.08454484745947917,0.005648866538256155
61,0.3335624267410024,0.23472208685153653,39.8986425070288,0.00307971799810862,0.0909778248137448,0.006543954363795435
62,0.3832136847567561,0.23227590109657326,40.367977183818496,0.0032273270064328624,0.09744000810889183,0.007217776958825652
63,0.44292056048158335,0.2345138441613111,40.834543325620515,0.0034116647649037176,0.10362312253733687,0.007855221044212837
64,0.4912596904304413,0.2349081457911104,41.27921527552433,0.003222410190986911,0.10991889657280361,0.007382064257638957
65,0.5413689019581113,0.2352399870370868,41.71114474837915,0.004039127963293306,0.11607201924319535,0.007733076191389623
66,0.5971735237114418,0.23490224755527456,42.12552480172874,0.005340696084891244,0.12150505250273445,0.007809954348556149
67,0.6437481156054846,0.23708621416908568,42.54280613690498,0.0058271043237979984,0.12704025487365045,0.008353546881400952
68,0.7038048549156506,0.23753138933737067,42.9391292407822,0.005876587752726646,0.13128798820613038,0.008487020192091353
69,0.7537095088518602,0.23938700408865687,43.3286222878682,0.005691398207087451,0.13475056201604246,0.00862006934312056
70,0.8065259368715649,0.2409196315105639,43.70217869623461,0.005368940322618483,0.1368836853657052,0.009242955979918095
71,0.8528035733707525,0.24302768568783373,44.06131490221787,0.005147035899995869,0.1374368819082897,0.0097376394273074
72,0.9032667838928584,0.24445716610685664,44.40646725802218,0.004880816106881571,0.13599376485242537,0.010185025480992522
73,0.9473761001844304,0.24608051508925463,44.73294928639687,0.004496449537587677,0.13317474780121685,0.010314612061899221
74,0.9854999910251566,0.2467445670428245,45.042167020144596,0.004132465311328604,0.12886513405171013,0.01047344855778694
75,1.0166490303493896,0.24796686450079364,45.33396691340952,0.0038018165730274154,0.12284175910169187,0.010552144119966755
76,1.043976589948119,0.24971917205329347,45.608187890322895,0.0031665483953607554,0.11545171705182235,0.010577948635446512
77,1.065749005088119,0.25101722853396014,45.86223890654966,0.0030067008327449175,0.10708135920671129,0.009860385264750129
78,1.0825472331467023,0.2518130756607523,46.09577349593878,0.002692592305514511,0.09839725718215146,0.008988524167798634
79,1.0957146826730693,0.2516318465806727,46.30790857607666,0.002455975866270692,0.08994251770463879,0.00799384683533317
80,1.1042531484334588,0.25166864916913423,46.50009647674432,0.0023135512480357673,0.08186777375707188,0.007131808533915399
81,1.1085749820654136,0.25154189504600377,46.673220595371994,0.0023000244239875516,0.07389791235594236,0.006305842251664856
82,1.1118762774371969,0.2505357755763437,46.826695144337116,0.0025091646517958806,0.06560484139721436,0.006095599646289299
83,1.1138815136398108,0.24981363941777113,46.97412788177468,0.00423581695026417,0.05619862141870655,0.005846352720846922
84,1.1129367829017063,0.2480517827423348,47.11868245264714,0.0063695576624018865,0.046427185887155185,0.005180285982179093
85,1.108784647388115,0.2462462209099177,47.26142341117608,0.007291916505171267,0.03616565156925578,0.004978710339155492
86,1.103760981886849,0.2458960152340932,47.406733176120035,0.006775969365262376,0.02441345760663644,0.005238640141717571
87,1.0953587054714589,0.24605772480960242,47.55300320617653,0.006357770038592306,0.011842963985338911,0.005873017245122105
88,1.0837014415821433,0.24574344724069938,47.69757818855443,0.006318895793169426,-0.0015346562685324085,0.006031754504391913
89,1.0691932645201936,0.2457819531998851,47.84286482193171,0.005842730513122243,-0.016181552723916102,0.005758425872315323
90,1.0506731316276245,0.24570190136856562,47.987923945415474,0.005458707907493113,-0.031512075847168045,0.005325051542755255
91,1.0275471496037365,0.24693473104311783,48.13242793931828,0.005521605556786025,-0.04722048583324482,0.004827475724233168
92,1.0013730205774294,0.24806646132564258,48.27834520281666,0.005947366053172523,-0.06393713765551653,0.004163397245901733
93,0.9734056709746366,0.24923742561580514,48.4287478129742,0.006424886612759206,-0.08170024215749257,0.0033365995086061303
94,0.9447272597171646,0.2508615931762123,48.58569860891694,0.00710935761274987,-0.10036915743801597,0.0032272426440181304
95,0.9098168047972386,0.2507419020135788,48.752844993659444,0.007845452258596265,-0.11992392268193329,0.003245916503980815
96,0.8691513146150978,0.2519865381191489,48.93120768796857,0.008221097734783812,-0.14063831054122516,0.0032054029963340777
97,0.8228122219267475,0.2541103463531078,49.12245537012201,0.008186736031293445,-0.16233956659434431,0.0028703400072413398
98,0.7702595061543231,0.2542750024692376,49.323274147145305,0.008091615164955884,-0.1847920759492259,0.0033907867108633697
99,0.7112330013654046,0.25427338005693434,49.533423576809,0.008446949868249032,-0.2085528264361895,0.003913907908308105
100,0.6439348497450584,0.25501799742058595,49.75242649923,0.008589807666209242,-0.23374889283207007,0.004047927237293989
101,0.5626549177384954,0.25658004957432756,49.98281239535524,0.008692992904245031,-0.2602922980097271,0.0030854592029404266
102,0.46817922295267356,0.2588105733818193,50.223747180685294,0.00965086700065385,-0.28844902031453945,0.0010934211935950662
103,0.3607245794574917,0.2597823563193654,50.47660021105306,0.0114130442908702,-0.31857167193836466,-0.0010946617806771764
104,0.24119443729727083,0.26174616807264,50.743173956739994,0.012252600741874778,-0.35084244689583133,-0.0021196924301595194
105,0.1088019720951362,0.263948260296222,51.02873709328431,0.011410738451848838,-0.3852818527671022,0.0004891408458594537
106,-0.04113354993432547,0.26561883806986436,51.32570955906224,0.009096625043865025,-0.4218905839934866,0.0042782002491317285
107,-0.21171304728501636,0.26782807348382826,51.63723071901833,0.00665209263714164,-0.4604633082734428,0.007533880929976196
108,-0.41218996310157496,0.270099731073997,51.95541083860936,0.00570530368092322,-0.5008357021887325,0.007628394019445823
109,-0.6394045965094047,0.2725440976151427,52.273109637021875,0.004614938451989787,-0.5426466946581671,0.005347144296499383
110,-0.8906083334911596,0.2775535658638357,52.595531694797124,0.0024658031527094683,-0.5850819735420988,0.002220914110075015
111,-1.162075310207733,0.2841121611866033,52.91589956549197,0.0006950830267084975,-0.6276672615994379,-0.001983858578123004
112,-1.4438600747884403,0.29047141444892194,53.22713087599458,-0.0014667909910272006,-0.6707240962917722,-0.0028845618590134505
113,-1.7391913092841733,0.299057279666505,53.532666945867646,-0.0030473099424162967,-0.7138343899509917,-0.0011855197942621724
114,-2.0476192153699624,0.305766068054154,53.82375894281379,-0.006387069197807973,-0.7574161484132127,0.0017634413182307889
115,-2.3736447234105813,0.31223206199381337,54.109927645442944,-0.01139164616003174,-0.8016150333721147,0.005048148454385882
116,-2.7149945842779255,0.3189628377407804,54.38032592896409,-0.015139671237347548,-0.8456834696163373,0.007476966110682723
117,-3.0725965361157024,0.32814207633154807,54.63510484219871,-0.016990421837722276,-0.8896683686152835,0.008633203643143642
118,-3.445843967162205,0.33895327514124424,54.881353931850505,-0.02005658035763105,-0.934088708998059,0.011267342530790286
119,-3.829654984448761,0.346985889005681,55.107890033016616,-0.02299322679615662,-0.9785011787542073,0.013714774886124922
120,-4.22682202817344,0.3549676781971978,55.31684661861017,-0.027183891442898223,-1.022329474282806,0.017552581074346055
121,-4.63676587498914,0.3635485179714824,55.510707486852716,-0.03314869335269426,-1.0657658535677086,0.022057621799346134
122,-5.057535394611596,0.37235469997768295,55.69202493085272,-0.041185367585333754,-1.108641269730542,0.029261589500700774
123,-5.488345125016585,0.3813404921690133,55.8568646810484,-0.04821984231677158,-1.151207304106883,0.03694603000354236
124,-5.93010715725988,0.39217057544429884,56.00535127195924,-0.05581658309696402,-1.1932428697649036,0.04443809980382858
125,-6.383012025455421,0.4022650451933764,56.1395393971928,-0.06396545598420982,-1.2338219604361156,0.05242227320329572
126,-6.8475572298829235,0.4134688902562718,56.26142716878034,-0.0735498298654909,-1.272576624620295,0.06147571221826156
127,-7.3187965889707005,0.42400156849771503,56.36447401335587,-0.0840655177225923,-1.310207694602081,0.07160808755078013
128,-7.8067788864380026,0.43388889004652414,56.46305188182957,-0.10206022804444483,-1.3466482503285533,0.08959628809187951
129,-8.298444038197431,0.4438893094209723,56.5414393585032,-0.12855758535416045,-1.380867623425051,0.11628280328192944
130,-8.80109491879952,0.4560704822524852,56.60169446606533,-0.14662171036340632,-1.4129057048301275,0.13311518639377817
